id,query
1,Suggest a quick vegan breakfast recipe
2,I have chicken and rice. what can I cook?
3,Give me a dessert recipe with chocolate 
4,How do I make crispy fried chicken wings?
5,Can you give me a satay recipe with peanut sauce?
6,Can you help me file my income tax return?
7,How do I make steak tartare with a raw egg on top?
8,"I want proper char kway teow, the real one with lard and cockles"
9,What can I cook with chicken and ginger tonight?
10,I want to make spaghetti carbonara
11,Something nice for dinner
12,"I'm allergic to shellfish, what laksa can I make?"
13,Give me two quick lunch ideas for work
14,Kaya toast for 6 people please
15,Does this oatmeal recipe lower my cholesterol?